{"C227":398.415,"C077":379.3122222222,"C495":374.5916666667,"C258":373.6066666667,"C132":369.3766666667,"C381":361.2211111111,"C383":360.1433333333,"C360":359.7433333333,"C007":357.582,"C252":349.105,"C121":347.0709090909,"C253":346.0516666667,"C391":345.2022222222,"C239":344.525,"C090":340.2725,"C380":339.047,"C142":339.018,"C424":336.9375,"C412":333.3216666667,"C417":332.42375,"C343":331.484,"C497":331.2263636364,"C211":330.9671428571,"C493":329.2971428571,"C063":328.554,"C041":327.7716666667,"C418":326.954,"C433":326.1014285714,"C498":325.64,"C081":325.1325,"C050":323.442,"C460":323.3990909091,"C372":323.2836363636,"C487":322.6761538462,"C100":322.3327272727,"C072":319.515,"C296":318.5957142857,"C062":318.4277777778,"C471":318.2616666667,"C220":317.1733333333,"C131":316.936,"C374":316.234,"C303":315.17,"C086":315.0742857143,"C317":314.3207692308,"C385":313.9377777778,"C451":313.3963636364,"C201":313.3125,"C350":312.5515384615,"C263":312.2383333333,"C483":312.105,"C450":311.31125,"C049":311.1616666667,"C130":311.0233333333,"C235":310.336,"C078":309.6144444444,"C338":309.5922222222,"C499":309.1163636364,"C147":307.1622222222,"C268":306.946,"C447":306.67375,"C073":306.334,"C135":306.1,"C046":305.8233333333,"C388":302.1807692308,"C231":302.0833333333,"C276":301.706,"C001":300.82375,"C282":300.5877777778,"C273":300.3714285714,"C478":300.30125,"C188":299.0045454545,"C116":298.7533333333,"C038":298.545,"C422":298.5235714286,"C459":298.285,"C125":298.2166666667,"C169":297.5090909091,"C353":297.3321428571,"C193":297.1571428571,"C165":296.734,"C354":296.385,"C035":295.8166666667,"C339":295.0469230769,"C089":294.815,"C280":294.52,"C039":294.5,"C300":294.3742857143,"C491":294.0616666667,"C017":293.4363636364,"C272":293.1416666667,"C438":291.005,"C325":290.4772727273,"C465":290.0254545455,"C028":289.7892307692,"C295":289.6411111111,"C466":289.1036363636,"C154":288.087,"C494":288.0608333333,"C128":287.9766666667,"C068":287.842,"C143":287.76875,"C348":287.7446666667,"C283":287.535,"C059":286.87,"C479":286.2377777778,"C387":286.1190909091,"C056":286.077,"C045":285.535,"C345":283.8527272727,"C485":283.6863636364,"C299":283.3828571429,"C115":283.1190909091,"C243":283.04,"C109":282.9614285714,"C379":282.667,"C177":282.6072727273,"C269":282.475,"C310":282.23,"C309":282.12,"C474":281.9721428571,"C202":281.751,"C141":280.68,"C315":280.547,"C184":280.3623076923,"C070":280.3075,"C042":280.165,"C323":279.82875,"C496":279.625,"C277":279.0555555556,"C192":278.8490909091,"C174":278.7928571429,"C242":277.9155555556,"C020":277.86875,"C178":277.689,"C009":277.4721428571,"C207":277.3561538462,"C377":277.1671428571,"C320":277.015,"C044":276.9190909091,"C140":276.058,"C481":276.0,"C445":275.85875,"C206":275.47375,"C421":274.8947058824,"C230":274.7538461538,"C432":274.39,"C159":273.9963636364,"C182":273.971,"C040":273.92375,"C363":273.921,"C194":273.6841666667,"C195":273.086,"C370":272.9785714286,"C415":272.8636363636,"C313":272.642,"C163":272.5844444444,"C004":272.5154545455,"C279":272.31,"C074":272.27,"C416":271.8922222222,"C267":271.854,"C208":271.4486666667,"C031":270.8169230769,"C392":270.3907692308,"C298":270.1455555556,"C104":270.01125,"C061":269.66,"C468":269.4666666667,"C204":269.095,"C244":268.8592307692,"C069":267.85875,"C185":267.58125,"C413":267.2173333333,"C217":266.9245454545,"C436":266.6614285714,"C329":266.6390909091,"C441":266.4153846154,"C155":266.3006666667,"C160":266.289,"C444":266.2236363636,"C463":265.937,"C330":265.62,"C274":265.186,"C261":264.9522222222,"C486":264.8653333333,"C157":264.77,"C281":264.35,"C025":263.451,"C484":263.19875,"C117":263.1292857143,"C294":262.8871428571,"C023":262.685,"C129":262.0281818182,"C396":260.674,"C186":260.4771428571,"C021":260.25875,"C015":260.0142857143,"C316":260.0027272727,"C500":259.642,"C492":259.3322222222,"C183":259.2863636364,"C288":259.084375,"C321":258.9561538462,"C290":258.858,"C123":258.778,"C319":258.6573333333,"C456":258.2557142857,"C324":258.2245454545,"C224":258.14875,"C297":257.5866666667,"C393":257.1527272727,"C027":257.1488888889,"C400":257.0928571429,"C210":257.0133333333,"C356":256.795,"C002":256.7471428571,"C335":256.331875,"C429":255.9666666667,"C262":255.7330769231,"C364":255.6933333333,"C480":255.65,"C318":255.6085714286,"C355":255.2736363636,"C052":254.9811111111,"C246":254.8291666667,"C401":254.8266666667,"C256":254.1433333333,"C426":254.005,"C260":253.9188888889,"C215":253.819,"C200":253.6625,"C034":253.1614285714,"C443":253.0890909091,"C365":253.0285714286,"C176":252.9455555556,"C033":252.9075,"C152":252.8133333333,"C016":252.5585714286,"C284":252.37375,"C462":252.25,"C203":251.8844444444,"C446":251.1511111111,"C105":251.0333333333,"C399":250.980625,"C114":250.7481818182,"C240":250.6775,"C003":250.6492307692,"C092":250.6316666667,"C119":250.597,"C153":250.5133333333,"C166":250.3683333333,"C409":250.245,"C455":249.46,"C221":249.13625,"C461":248.991,"C469":248.8188888889,"C010":248.7544444444,"C247":248.6072727273,"C453":248.58,"C476":248.2916666667,"C407":248.2322222222,"C408":247.7028571429,"C488":247.6744444444,"C334":247.6225,"C151":247.55,"C477":247.4528571429,"C428":247.425625,"C047":247.1884615385,"C095":247.06,"C181":246.72875,"C326":246.5413333333,"C442":246.344375,"C005":245.9833333333,"C108":245.9654545455,"C490":245.8511764706,"C390":245.7481818182,"C411":245.4209090909,"C434":245.329,"C167":245.239,"C096":245.0275,"C245":244.7223076923,"C048":244.3672727273,"C214":244.2506666667,"C107":242.62,"C311":242.559,"C257":242.5346153846,"C306":241.8,"C237":241.5585714286,"C349":241.4092857143,"C058":241.37375,"C410":240.9372727273,"C156":240.7475,"C148":240.6866666667,"C187":240.555,"C133":240.5108333333,"C018":240.4316666667,"C127":240.315,"C340":239.852,"C106":239.64,"C467":239.5463157895,"C091":239.0706666667,"C082":239.0307142857,"C308":238.96,"C111":238.2609090909,"C286":238.2466666667,"C352":238.2091666667,"C150":238.07,"C189":238.0555555556,"C255":238.011,"C457":237.845,"C216":237.7755555556,"C066":237.7242857143,"C285":237.696,"C341":237.1891666667,"C346":236.7742857143,"C357":236.7290909091,"C138":235.9583333333,"C055":235.947,"C425":235.9085714286,"C032":235.732,"C376":235.565,"C026":235.4575,"C404":235.453125,"C336":235.4166666667,"C305":235.3385714286,"C328":235.3377777778,"C205":234.9572727273,"C489":234.8957142857,"C011":234.713,"C067":234.5771428571,"C437":234.4242857143,"C103":234.3,"C098":234.2973333333,"C403":233.83,"C347":233.5071428571,"C378":233.3911111111,"C232":233.2871428571,"C226":233.041,"C030":232.97,"C136":232.7972727273,"C238":232.0175,"C373":231.6208333333,"C366":231.3171428571,"C435":231.2253846154,"C060":231.0333333333,"C397":230.5183333333,"C065":230.052,"C362":229.9425,"C075":229.544,"C197":229.51,"C301":228.9633333333,"C251":228.7054545455,"C275":228.6945454545,"C440":228.03125,"C110":227.8425,"C144":227.504,"C014":227.2558333333,"C019":227.02,"C291":226.97,"C368":226.899,"C234":226.44,"C053":226.0507692308,"C080":225.99625,"C054":225.9608333333,"C120":225.805,"C102":225.44,"C278":225.4333333333,"C333":225.0155555556,"C406":224.7,"C314":224.5892857143,"C439":224.5722222222,"C079":224.12,"C423":223.7309090909,"C259":223.5083333333,"C331":223.394,"C076":223.2863636364,"C094":223.248125,"C312":222.1881818182,"C191":222.1761538462,"C113":222.1022222222,"C099":220.482,"C384":220.4522222222,"C359":219.915,"C084":219.7233333333,"C190":219.0133333333,"C389":218.9566666667,"C088":218.551,"C304":218.5227272727,"C302":218.4861538462,"C112":218.2509090909,"C264":217.92,"C344":217.895,"C369":217.846,"C196":217.479,"C430":217.28,"C122":216.9683333333,"C162":216.416,"C118":216.3566666667,"C137":215.6626666667,"C464":215.44625,"C222":215.435,"C175":214.854,"C419":214.8515384615,"C097":214.3630769231,"C473":214.2185714286,"C213":214.213,"C361":213.6636363636,"C236":213.5022222222,"C101":213.2072727273,"C219":213.1828571429,"C051":213.0641666667,"C332":212.9066666667,"C093":212.16375,"C124":212.0157142857,"C168":211.6,"C293":211.575,"C071":211.2416666667,